date,operating_income,cf_from_operations,Close,Volume,P/S Ratio,TSLA_compound,ElonMusk_compound,date_converted,daily_pct_change
2018-06-19,,,352.55,12537147.0,5.125,0.078213006,0.078213006,2018-06-19,
2018-06-18,,,370.829987,11985600.0,5.03,0.108784902,0.108784902,2018-06-18,0.051850764430577234
2018-06-17,,,,,,0.130824257,0.130824257,2018-06-17,
2018-06-16,,,,,,0.130824257,0.130824257,2018-06-16,
2018-06-15,,,358.170013,10848300.0,4.899,0.108784902,0.108784902,2018-06-15,-0.03413956379962346
2018-06-14,,,357.720001,10981000.0,4.898,0.078213006,0.078213006,2018-06-14,-0.0012564200900870848
2018-06-13,,,344.779999,9469800.0,4.858,,,2018-06-13,-0.03617354904345993
2018-06-12,,,342.769989,22347400.0,4.852,,,2018-06-12,-0.00582983353393407
2018-06-11,,,332.100006,13183500.0,4.676,,,2018-06-11,-0.031128696625771446
2018-06-08,,,317.660004,8205200.0,4.649,,,2018-06-08,-0.043480884489956906
2018-06-07,,,316.089996,14345300.0,4.504,,,2018-06-07,-0.004942416357836543
2018-06-06,,,319.5,18767300.0,4.308,,,2018-06-06,0.010788079481009571
2018-06-05,,,291.130005,5995200.0,4.287,,,2018-06-05,-0.08879497652582169
2018-06-04,,,296.73999,4767300.0,4.322,,,2018-06-04,0.019269690185317767
2018-06-01,,,291.820007,5411400.0,4.333,,,2018-06-01,-0.016580114463170315
2018-05-31,,,284.730011,5919700.0,3.949,,,2018-05-31,-0.024295784490197758
2018-05-30,,,291.720001,7489700.0,4.025,,,2018-05-30,0.024549537210533323
2018-05-29,,,283.76001,5651100.0,3.958,,,2018-05-29,-0.027286408106107163
2018-05-25,,,278.850006,3875100.0,3.862,,,2018-05-25,-0.017303368434473998
2018-05-24,,,277.850006,4193000.0,3.957,,,2018-05-24,-0.003586157355148112
2018-05-23,,,279.070007,5953100.0,3.849,,,2018-05-23,0.0043908618810681865
2018-05-22,,,275.01001,8945800.0,3.782,,,2018-05-22,-0.01454831009482127
2018-05-21,,,284.48999,9182600.0,4.333,,,2018-05-21,0.034471399786502044
2018-05-18,,,276.820007,7251900.0,3.949,,,2018-05-18,-0.026960467044903735
2018-05-17,,,284.540009,4420600.0,4.025,,,2018-05-17,0.027888164889758205
2018-05-16,,,286.480011,5674000.0,3.958,,,2018-05-16,0.006818028883945004
2018-05-15,,,284.179993,9519200.0,3.862,,,2018-05-15,-0.008028546187119345
2018-05-14,,,291.970001,7286800.0,3.957,,,2018-05-14,0.027412232359369515
2018-05-11,,,301.059998,4679600.0,3.849,,,2018-05-11,0.031133325235012776
2018-05-10,,,305.019989,5651600.0,3.782,,,2018-05-10,0.013153494407450284
2018-05-09,,,306.850006,5727400.0,3.782,,,2018-05-09,0.005999662533592076
2018-05-08,,,301.970001,5930000.0,3.768,,,2018-05-08,-0.01590355191324322
2018-05-07,,,302.769989,8678200.0,3.785,,,2018-05-07,0.00264923004719253
2018-05-04,,,294.089996,8569400.0,3.73,,,2018-05-04,-0.028668604271739895
2018-05-03,,,284.450012,17352100.0,3.859,,,2018-05-03,-0.03277902727435844
2018-05-02,,,301.149994,8970400.0,3.754,,,2018-05-02,0.058709725067615626
2018-05-01,,,299.920013,4625600.0,3.859,,,2018-05-01,-0.004084280340380886
2018-04-30,,,293.899994,4228200.0,3.885,,,2018-04-30,-0.020072081685325815
2018-04-27,,,294.079987,4364600.0,4.083,,,2018-04-27,0.000612429410257187
2018-04-26,,,285.480011,4356000.0,4.137,,,2018-04-26,-0.029243662881418775
2018-04-25,,,280.690002,4013600.0,4.162,,,2018-04-25,-0.0167787894613749
2018-04-24,,,283.459991,5685300.0,4.096,,,2018-04-24,0.009868498985581953
2018-04-23,,,283.369995,4893400.0,4.106,,,2018-04-23,-0.00031749101410216696
2018-04-20,,,290.23999,5627900.0,3.989,,,2018-04-20,0.02424390415788369
2018-04-19,,,300.079987,6090600.0,3.858,,,2018-04-19,0.03390296767857537
2018-04-18,,,293.350006,6557700.0,4.084,,,2018-04-18,-0.02242729036108637
2018-04-17,,,287.690002,7000000.0,4.068,,,2018-04-17,-0.019294371516051734
2018-04-16,,,291.209991,6338500.0,3.986,,,2018-04-16,0.012235353941844718
2018-04-13,,,300.339996,7327200.0,3.989,,,2018-04-13,0.03135196347023683
2018-04-12,,,294.079987,7608800.0,3.872,,,2018-04-12,-0.020843074793141958
2018-04-11,,,300.929993,7482900.0,3.807,,,2018-04-11,0.02329300293392622
2018-04-10,,,304.700012,10989800.0,3.845,,,2018-04-10,0.012527893821471014
2018-04-09,,,289.660004,10249800.0,3.843,,,2018-04-09,-0.04936005056671933
2018-04-06,,,299.299988,13520300.0,3.936,,,2018-04-06,0.03328034201090446
2018-04-05,,,305.720001,19121100.0,4.07,,,2018-04-05,0.02145009441163115
2018-04-04,,,286.940002,19896700.0,3.979,,,2018-04-04,-0.0614287548690674
2018-04-03,,,267.529999,18844400.0,3.902,,,2018-04-03,-0.06764481377538989
2018-04-02,,,252.479996,16114000.0,3.95,,,2018-04-02,-0.05625538465314306
2018-03-31,-596974.0,-398376.0,,,,,,2018-03-31,
2018-03-29,,,266.130005,15170700.0,4.073,,,2018-03-29,0.054063724715838424
2018-03-28,,,257.779999,21001400.0,3.989,,,2018-03-28,-0.03137566543840109
2018-03-27,,,279.179993,13872000.0,4.081,,,2018-03-27,0.0830165027659886
2018-03-26,,,304.179993,8375200.0,4.133,,,2018-03-26,0.08954796413366206
2018-03-23,,,301.540009,6654900.0,3.929,,,2018-03-23,-0.008679019201634386
2018-03-22,,,309.100006,4939800.0,4.059,,,2018-03-22,0.025071289959402998
2018-03-21,,,316.529999,5958400.0,4.146,,,2018-03-21,0.024037505195001474
2018-03-20,,,310.549988,4764300.0,3.892,,,2018-03-20,-0.01889239888444183
2018-03-19,,,313.559998,7484300.0,3.628,,,2018-03-19,0.009692513657414858
2018-03-16,,,321.350006,6117300.0,3.424,,,2018-03-16,0.02484375573953157
2018-03-15,,,325.600006,6564800.0,3.809,,,2018-03-15,0.013225454864313813
2018-03-14,,,326.630005,7967400.0,3.809,,,2018-03-14,0.003163387533844153
2018-03-13,,,341.839996,5965800.0,3.69,,,2018-03-13,0.04656642306942982
2018-03-12,,,345.51001,8264000.0,3.996,,,2018-03-12,0.010736057930447851
2018-03-09,,,327.170013,5506800.0,4.354,,,2018-03-09,-0.053080942575296275
2018-03-08,,,329.100006,3566200.0,4.316,,,2018-03-08,0.005899052245964986
2018-03-07,,,332.299988,5007300.0,4.424,,,2018-03-07,0.009723433429533301
2018-03-06,,,328.200012,4285700.0,4.531,,,2018-03-06,-0.012338176792230149
2018-03-05,,,333.350006,3823800.0,4.445,,,2018-03-05,0.015691632576783743
2018-03-02,,,335.119995,5092800.0,4.488,,,2018-03-02,0.0053097014193543846
2018-03-01,,,330.929993,6885600.0,4.661,,,2018-03-01,-0.012502990160285665
2018-02-28,,,343.059998,6069700.0,4.675,,,2018-02-28,0.03665429322388425
2018-02-27,,,350.98999,4797400.0,4.893,,,2018-02-27,0.023115466816973518
2018-02-26,,,357.420013,4340000.0,4.946,,,2018-02-26,0.018319676296181475
2018-02-23,,,352.049988,5817400.0,4.683,,,2018-02-23,-0.015024410510555253
2018-02-22,,,346.170013,6969800.0,4.711,,,2018-02-22,-0.016702102543460384
2018-02-21,,,333.299988,3219600.0,4.757,,,2018-02-21,-0.037178335836963394
2018-02-20,,,334.769989,4009400.0,4.698,,,2018-02-20,0.004410444203196473
2018-02-16,,,335.48999,5642600.0,4.772,,,2018-02-16,0.002150733409977068
2018-02-15,,,334.070007,5912900.0,4.797,,,2018-02-15,-0.004232564435081909
2018-02-14,,,322.309998,3950700.0,4.737,,,2018-02-14,-0.03520222933392514
2018-02-13,,,323.660004,4560200.0,4.911,,,2018-02-13,0.004188532804992207
2018-02-12,,,315.730011,6227800.0,5.024,,,2018-02-12,-0.024500997658023937
2018-02-09,,,310.420013,12933700.0,5.116,,,2018-02-09,-0.016818160501061774
2018-02-08,,,315.230011,10314600.0,5.039,,,2018-02-08,0.0154951285309044
2018-02-07,,,345.0,6969200.0,4.955,,,2018-02-07,0.09443894287082966
2018-02-06,,,333.970001,5088400.0,4.771,,,2018-02-06,-0.03197101159420279
2018-02-05,,,333.130005,4464100.0,4.792,,,2018-02-05,-0.0025151839910316776
2018-02-02,,,343.75,3704800.0,4.802,,,2018-02-02,0.03187943097470325
2018-02-01,,,349.25,4197700.0,4.782,,,2018-02-01,0.016000000000000014
2018-01-31,,,354.309998,6214100.0,4.614,,,2018-01-31,0.014488183249821152
2018-01-30,,,345.820007,4717700.0,4.633,,,2018-01-30,-0.023962041850142834
2018-01-29,,,349.529999,4747100.0,4.519,,,2018-01-29,0.010728101107232879
2018-01-26,,,342.850006,4539400.0,4.443,,,2018-01-26,-0.019111358164138448
2018-01-25,,,337.640015,6740300.0,4.512,,,2018-01-25,-0.01519612340330545
2018-01-24,,,345.890015,5287500.0,4.938,,,2018-01-24,0.024434307645674114
2018-01-23,,,352.790009,5465400.0,4.999,,,2018-01-23,0.019948520341068532
2018-01-22,,,351.559998,6210400.0,5.072,,,2018-01-22,-0.003486524472409269
2018-01-19,,,350.019989,4888300.0,4.95,,,2018-01-19,-0.004380501219595545
2018-01-18,,,344.570007,5685800.0,5.003,,,2018-01-18,-0.015570487890050333
2018-01-17,,,347.160004,7083700.0,4.908,,,2018-01-17,0.0075166060521338895
2018-01-16,,,340.059998,6474300.0,4.833,,,2018-01-16,-0.02045168198580849
2018-01-12,,,336.220001,4825100.0,4.951,,,2018-01-12,-0.01129211616357173
2018-01-11,,,337.950012,6645500.0,5.05,,,2018-01-11,0.00514547318676617
2018-01-10,,,334.799988,4309900.0,5.032,,,2018-01-10,-0.009320976144838955
2018-01-09,,,333.690002,7146600.0,5.01,,,2018-01-09,-0.0033153704892008307
2018-01-08,,,336.410004,9859400.0,4.932,,,2018-01-08,0.008151284077129839
2018-01-05,,,316.579987,4591200.0,4.969,,,2018-01-05,-0.05894597890733355
2018-01-04,,,314.619995,9946300.0,4.868,,,2018-01-04,-0.0061911430933251355
2018-01-03,,,317.25,4521500.0,4.813,,,2018-01-03,0.008359306597789384
2018-01-02,,,320.529999,4352200.0,4.813,,,2018-01-02,0.01033884633569726
2017-12-31,-598141.0,849685.0,,,,,,2017-12-31,
2017-12-29,,,311.350006,3777200.0,4.837,,,2017-12-29,-0.028640043143044358
2017-12-28,,,315.359985,4316300.0,4.792,,,2017-12-28,0.012879328481528951
2017-12-27,,,311.640015,4712100.0,4.776,,,2017-12-27,-0.011795948049655003
2017-12-26,,,317.290009,4378400.0,4.815,,,2017-12-26,0.018129873341200975
2017-12-22,,,325.200012,4215800.0,4.532,,,2017-12-22,0.024929883625803173
2017-12-21,,,331.660004,4385200.0,4.503,,,2017-12-21,0.019864673313726655
2017-12-20,,,328.980011,5953800.0,4.541,,,2017-12-20,-0.008080543230048365
2017-12-19,,,331.100006,6825000.0,4.588,,,2017-12-19,0.006444145325291473
2017-12-18,,,338.869995,5476200.0,4.457,,,2017-12-18,0.023467196796124412
2017-12-15,,,343.450012,6933200.0,4.847,,,2017-12-15,0.01351555778787672
2017-12-14,,,337.890015,5799900.0,4.935,,,2017-12-14,-0.016188664451116663
2017-12-13,,,339.029999,6221500.0,5.058,,,2017-12-13,0.003373831570607333
2017-12-12,,,341.029999,8733200.0,5.058,,,2017-12-12,0.005899182980559692
2017-12-11,,,328.910004,7938000.0,5.159,,,2017-12-11,-0.03553938080385699
2017-12-08,,,315.130005,3468500.0,5.117,,,2017-12-08,-0.04189595583112771
2017-12-07,,,311.23999,4780600.0,5.15,,,2017-12-07,-0.012344159357342122
2017-12-06,,,313.26001,7195300.0,5.271,,,2017-12-06,0.006490232826443787
2017-12-05,,,303.700012,4646500.0,5.342,,,2017-12-05,-0.030517773398526016
2017-12-04,,,305.200012,5835100.0,5.256,,,2017-12-04,0.0049390844278267565
2017-12-01,,,306.529999,4292900.0,5.274,,,2017-12-01,0.004357755398777474
2017-11-30,,,308.850006,4351600.0,5.305,,,2017-11-30,0.007568613211002662
2017-11-29,,,307.540009,8767400.0,5.116,,,2017-11-29,-0.004241531405377419
2017-11-28,,,317.549988,4949500.0,4.902,,,2017-11-28,0.03254854232640669
2017-11-27,,,316.809998,4555900.0,4.841,,,2017-11-27,-0.0023303102754328453
2017-11-24,,,315.549988,3244100.0,4.873,,,2017-11-24,-0.003977178775778523
2017-11-22,,,312.600006,4917600.0,4.724,,,2017-11-22,-0.009348699452335185
2017-11-21,,,317.809998,7261300.0,4.747,,,2017-11-21,0.01666664075495894
2017-11-20,,,308.73999,8247700.0,4.768,,,2017-11-20,-0.02853908957263207
2017-11-17,,,315.049988,13735100.0,4.804,,,2017-11-17,0.02043790310416216
2017-11-16,,,312.5,5822100.0,4.784,,,2017-11-16,-0.008093915559838072
2017-11-15,,,311.299988,5978700.0,4.939,,,2017-11-15,-0.003840038400000023
2017-11-14,,,308.700012,5676100.0,4.928,,,2017-11-14,-0.008351995182216188
2017-11-13,,,315.399994,7584900.0,4.908,,,2017-11-13,0.02170386051037787
2017-11-10,,,302.98999,4625400.0,4.862,,,2017-11-10,-0.03934687455954744
2017-11-09,,,302.98999,5447100.0,4.943,,,2017-11-09,0.0
2017-11-08,,,304.390015,4725300.0,4.802,,,2017-11-08,0.00462069720521141
2017-11-07,,,306.049988,5294300.0,4.901,,,2017-11-07,0.005453441040107698
2017-11-06,,,302.779999,6486000.0,4.861,,,2017-11-06,-0.010684493148877428
2017-11-03,,,306.089996,8894000.0,4.842,,,2017-11-03,0.010932019984583041
2017-11-02,,,299.26001,19791400.0,4.802,,,2017-11-02,-0.02231365313879763
2017-11-01,,,321.079987,8457300.0,4.906,,,2017-11-01,0.07291310656575867
2017-10-31,,,331.529999,5672300.0,4.713,,,2017-10-31,0.03254644457176936
2017-10-30,,,320.079987,4254400.0,4.71,,,2017-10-30,-0.03453688062780691
2017-10-27,,,320.869995,6979700.0,4.761,,,2017-10-27,0.0024681580607537335
2017-10-26,,,326.170013,5023500.0,4.655,,,2017-10-26,0.016517649149462965
2017-10-25,,,325.839996,8594100.0,4.994,,,2017-10-25,-0.0010117944226835096
2017-10-24,,,337.339996,4491700.0,5.157,,,2017-10-24,0.035293395964809626
2017-10-23,,,337.019989,5747300.0,4.979,,,2017-10-23,-0.0009486186156235643
2017-10-20,,,345.100006,4930400.0,4.991,,,2017-10-20,0.02397488951315574
2017-10-19,,,351.809998,5061800.0,5.074,,,2017-10-19,0.01944361600503708
2017-10-18,,,359.649994,4939100.0,5.068,,,2017-10-18,0.022284744733150008
2017-10-17,,,355.75,3293300.0,5.247,,,2017-10-17,-0.010843859488567031
2017-10-16,,,350.600006,5375500.0,5.242,,,2017-10-16,-0.014476441321152445
2017-10-13,,,355.570007,3540500.0,5.368,,,2017-10-13,0.014175701411710762
2017-10-12,,,355.679993,4087000.0,5.472,,,2017-10-12,0.00030932305266140325
2017-10-11,,,354.600006,4500800.0,5.594,,,2017-10-11,-0.0030364007570142793
2017-10-10,,,355.589996,6978500.0,5.534,,,2017-10-10,0.0027918499245598305
2017-10-09,,,342.940002,7493700.0,5.454,,,2017-10-09,-0.03557466222981143
2017-10-06,,,356.880005,4297500.0,5.531,,,2017-10-06,0.0406485184542571
2017-10-05,,,355.329987,4171700.0,5.533,,,2017-10-05,-0.004343246968963599
2017-10-04,,,355.01001,8163500.0,5.516,,,2017-10-04,-0.0009005066043018539
2017-10-03,,,348.140015,10153600.0,5.531,,,2017-10-03,-0.01935155293226809
2017-10-02,,,341.529999,5286800.0,5.334,,,2017-10-02,-0.01898665972080238
2017-09-30,-535480.0,-570545.0,,,,,,2017-09-30,
2017-09-29,,,341.100006,5107100.0,5.551,,,2017-09-29,-0.0012590197091294497
2017-09-28,,,339.600006,5319600.0,5.527,,,2017-09-28,-0.004397537301714438
2017-09-27,,,340.970001,6060300.0,5.522,,,2017-09-27,0.0040341430382659915
2017-09-26,,,345.25,7156300.0,5.415,,,2017-09-26,0.0125524209972947
2017-09-25,,,344.98999,7605900.0,5.312,,,2017-09-25,-0.0007531064446054669
2017-09-22,,,351.089996,8159400.0,5.597,,,2017-09-22,0.01768168983685592
2017-09-21,,,366.480011,4618200.0,5.572,,,2017-09-21,0.043834957348086956
2017-09-20,,,373.910004,4919100.0,5.595,,,2017-09-20,0.020273937942006937
2017-09-19,,,375.100006,6451900.0,5.665,,,2017-09-19,0.003182589359122856
2017-09-18,,,385.0,7188000.0,5.661,,,2017-09-18,0.02639294545892379
2017-09-15,,,379.809998,5420500.0,5.761,,,2017-09-15,-0.013480524675324679
2017-09-14,,,377.640015,7202500.0,6.013,,,2017-09-14,-0.005713338278156677
2017-09-13,,,366.230011,4185200.0,6.135,,,2017-09-13,-0.03021396977754065
2017-09-12,,,362.75,5972900.0,6.155,,,2017-09-12,-0.009502255127857295
2017-09-11,,,363.690002,7667100.0,6.317,,,2017-09-11,0.0025913218470019483
2017-09-08,,,343.399994,3263500.0,6.232,,,2017-09-08,-0.05578929277247491
2017-09-07,,,350.609985,4239200.0,6.196,,,2017-09-07,0.02099589728006812
2017-09-06,,,344.529999,4091400.0,6.009,,,2017-09-06,-0.017341166139349995
2017-09-05,,,349.589996,3835100.0,5.952,,,2017-09-05,0.014686665935293552
2017-09-01,,,355.399994,3049500.0,5.967,,,2017-09-01,0.016619462989438727
2017-08-31,,,355.899994,4072800.0,5.635,,,2017-08-31,0.0014068655274090958
2017-08-30,,,353.179993,3412900.0,5.753,,,2017-08-30,-0.007642599173519393
2017-08-29,,,347.359985,4073700.0,5.653,,,2017-08-29,-0.016478872289914848
2017-08-28,,,345.660004,3764000.0,5.736,,,2017-08-28,-0.004894003550811932
2017-08-25,,,348.049988,3484000.0,5.831,,,2017-08-25,0.006914262490143264
2017-08-24,,,352.929993,4584700.0,5.831,,,2017-08-24,0.014020988847153859
2017-08-23,,,352.769989,4954500.0,5.84,,,2017-08-23,-0.00045335903202770034
2017-08-22,,,341.350006,4322000.0,5.795,,,2017-08-22,-0.03237232008417812
2017-08-21,,,337.859985,6495400.0,5.7,,,2017-08-21,-0.01022417149159216
2017-08-18,,,347.459991,5408200.0,5.672,,,2017-08-18,0.02841415505301703
2017-08-17,,,351.920013,5027700.0,5.711,,,2017-08-17,0.012836073549544302
2017-08-16,,,362.910004,3413800.0,5.791,,,2017-08-16,0.03122866161067117
2017-08-15,,,362.329987,3085100.0,5.788,,,2017-08-15,-0.0015982392152518177
2017-08-14,,,363.799988,4502700.0,5.601,,,2017-08-14,0.004057077947567045
2017-08-11,,,357.869995,4365800.0,5.544,,,2017-08-11,-0.01630014622210474
2017-08-10,,,355.399994,7092900.0,5.701,,,2017-08-10,-0.006901950525357803
2017-08-09,,,363.529999,6892100.0,5.774,,,2017-08-09,0.02287564754432725
2017-08-08,,,365.220001,7449800.0,5.955,,,2017-08-08,0.004648865305886485
2017-08-07,,,355.170013,6324500.0,5.945,,,2017-08-07,-0.02751762765588528
2017-08-04,,,356.910004,9268900.0,5.969,,,2017-08-04,0.00489903690151916
2017-08-03,,,347.089996,13535000.0,5.872,,,2017-08-03,-0.027513961194542524
2017-08-02,,,325.890015,13091500.0,5.831,,,2017-08-02,-0.0610792049448754
2017-08-01,,,319.570007,8303100.0,5.965,,,2017-08-01,-0.019393070389100542
2017-07-31,,,323.470001,8535100.0,5.993,,,2017-07-31,0.012203879946718788
2017-07-28,,,335.070007,4880400.0,5.828,,,2017-07-28,0.03586114930020967
2017-07-27,,,334.459991,8302400.0,5.856,,,2017-07-27,-0.001820562829426775
2017-07-26,,,343.850006,4820800.0,5.695,,,2017-07-26,0.028075151745130533
2017-07-25,,,339.600006,6989200.0,5.347,,,2017-07-25,-0.012360040499752145
2017-07-24,,,342.519989,8637100.0,5.244,,,2017-07-24,0.008598300790371605
2017-07-21,,,328.399994,4901600.0,5.308,,,2017-07-21,-0.04122385686518293
2017-07-20,,,329.920013,5166200.0,5.488,,,2017-07-20,0.004628559767878571
2017-07-19,,,325.26001,6357000.0,5.642,,,2017-07-19,-0.014124644812013809
2017-07-18,,,328.23999,6373700.0,5.572,,,2017-07-18,0.00916183947728455
2017-07-17,,,319.570007,9876900.0,5.62,,,2017-07-17,-0.026413548818350896
2017-07-14,,,327.779999,5625200.0,5.388,,,2017-07-14,0.025690746378461027
2017-07-13,,,323.410004,8594500.0,5.413,,,2017-07-13,-0.013332097789163666
2017-07-12,,,329.519989,10346100.0,5.337,,,2017-07-12,0.018892380954300902
2017-07-11,,,327.220001,11559400.0,5.386,,,2017-07-11,-0.006979813294421988
2017-07-10,,,316.049988,13820900.0,5.244,,,2017-07-10,-0.034136094877647905
2017-07-07,,,313.220001,14176900.0,5.378,,,2017-07-07,-0.00895423859342137
2017-07-06,,,308.829987,19324500.0,5.307,,,2017-07-06,-0.014015752461478348
2017-07-05,,,327.089996,17046700.0,5.407,,,2017-07-05,0.0591264118403112
2017-07-03,,,352.619995,6305400.0,5.369,,,2017-07-03,0.07805191021494906
2017-06-30,-240916.0,-269983.0,361.609985,5848500.0,5.186,,,2017-06-30,0.025494838997998315
2017-06-29,,,360.75,8221000.0,5.139,,,2017-06-29,-0.002378211431302124
2017-06-28,,,371.23999,6302500.0,5.067,,,2017-06-28,0.029078281358281277
2017-06-27,,,362.369995,6996400.0,5.367,,,2017-06-27,-0.02389288664726008
2017-06-26,,,377.48999,6604100.0,5.786,,,2017-06-26,0.041725295164131815
2017-06-23,,,383.450012,6445800.0,5.786,,,2017-06-23,0.01578855640648924
2017-06-22,,,382.609985,7529800.0,5.933,,,2017-06-22,-0.00219070797681975
2017-06-21,,,376.399994,4923200.0,6.841,,,2017-06-21,-0.016230603600164817
2017-06-20,,,372.23999,7438700.0,7.04,,,2017-06-20,-0.011052083066717677
2017-06-19,,,369.799988,6549300.0,6.872,,,2017-06-19,-0.006554916359201468
2017-06-16,,,371.399994,6731000.0,7.159,,,2017-06-16,0.004326679426501334
2017-06-15,,,375.339996,10426500.0,7.272,,,2017-06-15,0.01060851390320705
2017-06-14,,,380.660004,12818400.0,7.256,,,2017-06-14,0.014173837205454731
2017-06-13,,,375.950012,11807900.0,7.138,,,2017-06-13,-0.012373225320514658
2017-06-12,,,359.01001,10517700.0,7.059,,,2017-06-12,-0.0450591872836541
2017-06-09,,,357.320007,17261400.0,7.013,,,2017-06-09,-0.004707397991493445
2017-06-08,,,370.0,9009800.0,7.043,,,2017-06-08,0.03548637846075042
2017-06-07,,,359.649994,9398000.0,7.118,,,2017-06-07,-0.027972989189189224
2017-06-06,,,352.850006,11086800.0,7.219,,,2017-06-06,-0.018907237907530683
2017-06-05,,,347.320007,6784400.0,7.129,,,2017-06-05,-0.01567237893146023
2017-06-02,,,339.850006,5590200.0,6.808,,,2017-06-02,-0.0215075459214763
2017-06-01,,,340.369995,7608000.0,6.776,,,2017-06-01,0.0015300544087677448
2017-05-31,,,341.01001,9963400.0,7.017,,,2017-05-31,0.0018803508223455
2017-05-30,,,335.100006,7782900.0,6.82,,,2017-05-30,-0.017330881284100763
2017-05-26,,,325.140015,7802200.0,6.691,,,2017-05-26,-0.029722443514369812
2017-05-25,,,316.829987,5014000.0,6.587,,,2017-05-25,-0.02555830601164233
2017-05-24,,,310.220001,5033300.0,6.455,,,2017-05-24,-0.020862880002580075
2017-05-23,,,303.859985,4318400.0,6.467,,,2017-05-23,-0.02050163103442204
2017-05-22,,,310.350006,4329200.0,6.355,,,2017-05-22,0.0213585905363618
2017-05-19,,,310.829987,4687600.0,6.166,,,2017-05-19,0.001546579638216583
2017-05-18,,,313.059998,5653800.0,6.008,,,2017-05-18,0.007174375360379903
2017-05-17,,,306.109985,6711900.0,5.883,,,2017-05-17,-0.022200258878172008
2017-05-16,,,317.01001,4152500.0,5.762,,,2017-05-16,0.035608198144859715
2017-05-15,,,315.880005,7622000.0,5.895,,,2017-05-15,-0.0035645719830741385
2017-05-12,,,324.809998,4121600.0,5.937,,,2017-05-12,0.028270206593165037
2017-05-11,,,323.100006,4753800.0,5.805,,,2017-05-11,-0.0052645916398177395
2017-05-10,,,325.220001,5741600.0,6.012,,,2017-05-10,0.006561420490967196
2017-05-09,,,321.26001,9676500.0,5.99,,,2017-05-09,-0.012176345205779593
2017-05-08,,,307.190002,7006500.0,6.16,,,2017-05-08,-0.043796325599317565
2017-05-05,,,308.350006,8177300.0,6.127,,,2017-05-05,0.003776177585363083
2017-05-04,,,295.459991,14152000.0,6.167,,,2017-05-04,-0.0418031936084996
2017-05-03,,,311.019989,7133400.0,6.092,,,2017-05-03,0.05266363796782225
2017-05-02,,,318.890015,5382800.0,5.826,,,2017-05-02,0.025303923472262735
2017-05-01,,,322.829987,8829600.0,5.848,,,2017-05-01,0.012355269261096202
2017-04-28,,,314.070007,4463400.0,5.603,,,2017-04-28,-0.02713496376654767
2017-04-27,,,308.630005,3468600.0,5.898,,,2017-04-27,-0.017320985381453435
2017-04-26,,,310.170013,4695000.0,6.047,,,2017-04-26,0.004989819444159327
2017-04-25,,,313.790009,6737700.0,6.122,,,2017-04-25,0.011671005733233208
2017-04-24,,,308.029999,5083500.0,5.956,,,2017-04-24,-0.018356256843091612
2017-04-21,,,305.600006,4509800.0,5.853,,,2017-04-21,-0.00788881929646068
2017-04-20,,,302.51001,6149400.0,5.882,,,2017-04-20,-0.010111243256978208
2017-04-19,,,305.519989,3898000.0,5.951,,,2017-04-19,0.00995001454662603
2017-04-18,,,300.25,3035700.0,5.841,,,2017-04-18,-0.01724924453306398
2017-04-17,,,301.440002,4138700.0,5.795,,,2017-04-17,0.003963370524562748
2017-04-13,,,304.0,9284600.0,5.737,,,2017-04-13,0.008492562310957075
2017-04-12,,,296.839996,6050700.0,5.794,,,2017-04-12,-0.023552644736842154
2017-04-11,,,308.709991,5724600.0,5.694,,,2017-04-11,0.039987855949169315
2017-04-10,,,312.390015,7664500.0,5.716,,,2017-04-10,0.011920650796170662
2017-04-07,,,302.540009,4579600.0,5.765,,,2017-04-07,-0.03153111663956354
2017-04-06,,,298.700012,5520600.0,5.629,,,2017-04-06,-0.01269252623047279
2017-04-05,,,295.0,7880900.0,5.854,,,2017-04-05,-0.012387050054755266
2017-04-04,,,303.700012,10134600.0,5.924,,,2017-04-04,0.02949156610169501
2017-04-03,,,298.519989,13888600.0,5.737,,,2017-04-03,-0.017056380623389655
2017-03-31,-257549.0,-69811.0,278.299988,3294600.0,5.665,,,2017-03-31,-0.06773416101124141
2017-03-30,,,277.920013,4148400.0,5.594,,,2017-03-30,-0.0013653432137410437
2017-03-29,,,277.380005,3676200.0,5.759,,,2017-03-29,-0.0019430338757217003
2017-03-28,,,277.450012,7987600.0,5.661,,,2017-03-28,0.00025238661308701893
2017-03-27,,,270.220001,6230800.0,5.278,,,2017-03-27,-0.02605878784391613
2017-03-24,,,263.160004,5647300.0,6.155,,,2017-03-24,-0.02612684839713253
2017-03-23,,,254.779999,3320200.0,6.144,,,2017-03-23,-0.03184376376586473
2017-03-22,,,255.009995,4059300.0,5.984,,,2017-03-22,0.0009027239222181294
2017-03-21,,,250.679993,6908600.0,5.828,,,2017-03-21,-0.01697973446099632
2017-03-20,,,261.920013,3614300.0,5.642,,,2017-03-20,0.04483812156481104
2017-03-17,,,261.5,6497500.0,5.647,,,2017-03-17,-0.001603592620469163
2017-03-16,,,262.049988,7132200.0,5.552,,,2017-03-16,0.0021032045889100015
2017-03-15,,,255.729996,5330800.0,5.8,,,2017-03-15,-0.024117505397481587
2017-03-14,,,258.0,7598400.0,5.791,,,2017-03-14,0.008876565266125347
2017-03-13,,,246.169998,3022600.0,5.803,,,2017-03-13,-0.04585272093023263
2017-03-10,,,243.690002,3066300.0,5.663,,,2017-03-10,-0.01007432270442643
2017-03-09,,,244.899994,3879300.0,5.714,,,2017-03-09,0.004965291928554327
2017-03-08,,,246.869995,3725200.0,5.452,,,2017-03-08,0.00804410391288135
2017-03-07,,,248.589996,3459500.0,5.397,,,2017-03-07,0.00696723390787124
2017-03-06,,,251.210007,3355500.0,5.424,,,2017-03-06,0.010539486874604487
2017-03-03,,,251.570007,2919400.0,5.467,,,2017-03-03,0.0014330639304509507
2017-03-02,,,250.479996,3351800.0,5.505,,,2017-03-02,-0.0043328336831505165
2017-03-01,,,250.020004,4809500.0,5.563,,,2017-03-01,-0.0018364420606267196
2017-02-28,,,249.990005,6078100.0,5.571,,,2017-02-28,-0.00011998639916832587
2017-02-27,,,246.229996,11460800.0,5.547,,,2017-02-27,-0.015040637324680195
2017-02-24,,,257.0,8171600.0,5.537,,,2017-02-24,0.04373961001891913
2017-02-23,,,255.990005,14915200.0,5.536,,,2017-02-23,-0.0039299416342412075
2017-02-22,,,273.51001,8755000.0,5.453,,,2017-02-22,0.06844019163951343
2017-02-21,,,277.390015,5676700.0,5.691,,,2017-02-21,0.014185970743813003
2017-02-17,,,272.230011,6257100.0,5.669,,,2017-02-17,-0.01860198176203287
2017-02-16,,,268.950012,7077300.0,6.057,,,2017-02-16,-0.012048631184898961
2017-02-15,,,279.76001,4947900.0,6.143,,,2017-02-15,0.04019333525815205
2017-02-14,,,280.980011,7329400.0,6.029,,,2017-02-14,0.004360884173545632
2017-02-13,,,280.600006,7029600.0,5.956,,,2017-02-13,-0.0013524271660733111
2017-02-10,,,269.230011,3619700.0,6.196,,,2017-02-10,-0.040520294928290235
2017-02-09,,,269.200012,7820200.0,6.223,,,2017-02-09,-0.0001114251709478653
2017-02-08,,,262.079987,3933000.0,6.214,,,2017-02-08,-0.026448828687273607
2017-02-07,,,257.480011,4244800.0,5.962,,,2017-02-07,-0.01755180184742622
2017-02-06,,,257.769989,3562500.0,5.962,,,2017-02-06,0.001126215580284473
2017-02-03,,,251.330002,2186700.0,5.804,,,2017-02-03,-0.024983463067145495
2017-02-02,,,251.550003,2499800.0,5.702,,,2017-02-02,0.0008753471461795392
2017-02-01,,,249.240005,3958800.0,5.709,,,2017-02-01,-0.00918305693679522
2017-01-31,,,251.929993,4116100.0,5.566,,,2017-01-31,0.010792761779955917
2017-01-30,,,250.630005,3801100.0,5.579,,,2017-01-30,-0.005160116048588126
2017-01-27,,,252.949997,3166300.0,5.55,,,2017-01-27,0.009256641079347094
2017-01-26,,,252.509995,3152100.0,5.602,,,2017-01-26,-0.001739482131719483
2017-01-25,,,254.470001,5142600.0,5.592,,,2017-01-25,0.00776209274409112
2017-01-24,,,254.610001,4965500.0,5.635,,,2017-01-24,0.0005501630818951497
2017-01-23,,,248.919998,6262900.0,5.63,,,2017-01-23,-0.022347916333420148
2017-01-20,,,244.729996,4204300.0,5.513,,,2017-01-20,-0.016832725508860058
2017-01-19,,,243.759995,7732300.0,5.42,,,2017-01-19,-0.003963555820104658
2017-01-18,,,238.360001,3769000.0,5.398,,,2017-01-18,-0.022152913155417453
2017-01-17,,,235.580002,4611900.0,5.279,,,2017-01-17,-0.01166302646558559
2017-01-13,,,237.75,6093000.0,5.217,,,2017-01-13,0.009211299692577501
2017-01-12,,,229.589996,3790200.0,5.265,,,2017-01-12,-0.03432178338590952
2017-01-11,,,229.729996,3650800.0,5.084,,,2017-01-11,0.0006097826666628947
2017-01-10,,,229.869995,3660000.0,5.088,,,2017-01-10,0.0006094067054265295
2017-01-09,,,231.279999,3957000.0,5.091,,,2017-01-09,0.0061339193051273
2017-01-06,,,229.009995,5527900.0,5.122,,,2017-01-06,-0.009814960263814232
2017-01-05,,,226.75,5911700.0,5.072,,,2017-01-05,-0.009868543073851432
2017-01-04,,,226.990005,11213500.0,5.022,,,2017-01-04,0.0010584564498345994
2017-01-03,,,216.990005,5923300.0,5.027,,,2017-01-03,-0.04405480320598254
2016-12-31,-266698.0,355069.0,,,,,,2016-12-31,
2016-12-30,,,213.690002,4642600.0,4.805,,,2016-12-30,-0.015208087579886453
2016-12-29,,,214.679993,4035900.0,4.732,,,2016-12-29,0.004632837244299415
2016-12-28,,,219.740005,3782500.0,5.655,,,2016-12-28,0.02357002126416141
2016-12-27,,,219.529999,5915700.0,5.682,,,2016-12-27,-0.0009557021717552239
2016-12-23,,,213.339996,4662900.0,5.815,,,2016-12-23,-0.02819661562518383
2016-12-22,,,208.449997,3111100.0,5.81,,,2016-12-22,-0.022921154456194914
2016-12-21,,,207.699997,5207600.0,5.646,,,2016-12-21,-0.0035979851801101193
2016-12-20,,,208.789993,4689100.0,5.646,,,2016-12-20,0.005247934596744441
2016-12-19,,,202.729996,3488100.0,5.517,,,2016-12-19,-0.029024365166773203
2016-12-16,,,202.490005,3779800.0,5.497,,,2016-12-16,-0.0011837962054712658
2016-12-15,,,197.580002,3219600.0,5.526,,,2016-12-15,-0.024248125234625717
2016-12-14,,,198.690002,4150900.0,5.365,,,2016-12-14,0.005617977471221947
2016-12-13,,,198.149994,6823900.0,5.359,,,2016-12-13,-0.0027178418368529744
2016-12-12,,,192.429993,2438900.0,5.229,,,2016-12-12,-0.02886702585517109
2016-12-09,,,192.179993,2722500.0,5.258,,,2016-12-09,-0.0012991737727704455
2016-12-08,,,192.289993,3194100.0,5.244,,,2016-12-08,0.0005723800812085234
2016-12-07,,,193.149994,5461900.0,5.093,,,2016-12-07,0.004472416825143766
2016-12-06,,,185.850006,3391600.0,5.086,,,2016-12-06,-0.03779439931020645
2016-12-05,,,186.800003,4072200.0,5.089,,,2016-12-05,0.005111632872371263
2016-12-02,,,181.470001,4042300.0,5.112,,,2016-12-02,-0.02853320082655464
2016-12-01,,,181.880005,5126400.0,4.919,,,2016-12-01,0.002259348640219594
2016-11-30,,,189.399994,3547100.0,4.944,,,2016-11-30,0.04134588076352852
2016-11-29,,,189.570007,4439300.0,4.803,,,2016-11-29,0.0008976399439590832
2016-11-28,,,196.119995,4529200.0,4.813,,,2016-11-28,0.03455181599481594
2016-11-25,,,196.649994,2366100.0,5.012,,,2016-11-25,0.0027024220554361378
2016-11-23,,,193.139999,4885300.0,5.017,,,2016-11-23,-0.01784894537042292
2016-11-22,,,191.169998,5603400.0,5.19,,,2016-11-22,-0.010199860257843363
2016-11-21,,,184.520004,4361000.0,5.204,,,2016-11-21,-0.03478576172815562
2016-11-18,,,185.020004,5210300.0,5.111,,,2016-11-18,0.002709733303495998
2016-11-17,,,188.660004,4887100.0,5.059,,,2016-11-17,0.019673548380206407
2016-11-16,,,183.929993,3430400.0,4.883,,,2016-11-16,-0.0250716150732192
2016-11-15,,,183.770004,3902000.0,4.897,,,2016-11-15,-0.0008698363838898215
2016-11-14,,,181.449997,6542200.0,4.993,,,2016-11-14,-0.012624514063785952
2016-11-11,,,188.559998,3988500.0,4.868,,,2016-11-11,0.039184354464332216
2016-11-10,,,185.350006,6750300.0,4.863,,,2016-11-10,-0.017023716769449693
2016-11-09,,,190.059998,8173100.0,4.802,,,2016-11-09,0.025411339884175765
2016-11-08,,,194.940002,3251400.0,4.99,,,2016-11-08,0.025676123599664535
2016-11-07,,,193.210007,3870100.0,4.905,,,2016-11-07,-0.00887449975505794
2016-11-04,,,190.559998,5146000.0,5.159,,,2016-11-04,-0.013715692272605606
2016-11-03,,,187.419998,2653000.0,5.113,,,2016-11-03,-0.01647774996303275
2016-11-02,,,188.020004,4253400.0,5.043,,,2016-11-02,0.003201397963946251
2016-11-01,,,190.789993,7060000.0,4.96,,,2016-11-01,0.01473241645075185
2016-10-31,,,197.729996,4692300.0,4.976,,,2016-10-31,0.036375089127447024
2016-10-28,,,199.970001,4280100.0,5.049,,,2016-10-28,0.011328604892097305
2016-10-27,,,204.009995,13093700.0,5.233,,,2016-10-27,0.020203000349037437
2016-10-26,,,202.240005,5632800.0,5.292,,,2016-10-26,-0.008675996487328974
2016-10-25,,,202.339996,2445000.0,5.399,,,2016-10-25,0.0004944175115106919
2016-10-24,,,202.759995,2751600.0,5.352,,,2016-10-24,0.0020757092433667523
2016-10-21,,,200.089996,2943400.0,5.355,,,2016-10-21,-0.013168273159604227
2016-10-20,,,199.100006,5072900.0,5.366,,,2016-10-20,-0.004947723623323963
2016-10-19,,,203.559998,6991200.0,5.295,,,2016-10-19,0.022400762760398818
2016-10-18,,,199.100006,5669000.0,5.269,,,2016-10-18,-0.021909962879838485
2016-10-17,,,193.960007,4554100.0,5.387,,,2016-10-17,-0.025816166976911137
2016-10-14,,,196.509995,4269900.0,5.269,,,2016-10-14,0.013146978284033661
2016-10-13,,,200.240005,2494600.0,5.133,,,2016-10-13,0.018981273700607426
2016-10-12,,,201.509995,1970700.0,5.201,,,2016-10-12,0.00634233903460002
2016-10-11,,,200.100006,2328400.0,5.299,,,2016-10-11,-0.006997116942015658
2016-10-10,,,200.949997,3303100.0,5.333,,,2016-10-10,0.004247830957086363
2016-10-07,,,196.610001,3493000.0,5.296,,,2016-10-07,-0.021597392708594954
2016-10-06,,,201.0,4703400.0,5.318,,,2016-10-06,0.022328462324762377
2016-10-05,,,208.460007,1877500.0,5.203,,,2016-10-05,0.03711446268656715
2016-10-04,,,211.410004,3541500.0,5.319,,,2016-10-04,0.014151381084813952
2016-10-03,,,213.699997,5999900.0,5.517,,,2016-10-03,0.01083199922743483
2016-09-30,85622.0,324380.0,204.029999,2586300.0,5.595,,,2016-09-30,-0.045250342235615415
2016-09-29,,,200.699997,2727000.0,5.656,,,2016-09-29,-0.016321139128173012
2016-09-28,,,206.270004,2088400.0,5.4,,,2016-09-28,0.0277529002653647
2016-09-27,,,205.809998,3373200.0,6.15,,,2016-09-27,-0.0022301158243056562
2016-09-26,,,208.990005,2394400.0,6.321,,,2016-09-26,0.015451178421370892
2016-09-23,,,207.449997,2905200.0,6.307,,,2016-09-23,-0.00736881172858006
2016-09-22,,,206.429993,2382900.0,6.404,,,2016-09-22,-0.004916866785975471
2016-09-21,,,205.220001,2633500.0,6.357,,,2016-09-21,-0.005861512575839667
2016-09-20,,,204.639999,2410500.0,6.326,,,2016-09-20,-0.0028262449915883447
2016-09-19,,,206.339996,2297000.0,6.288,,,2016-09-19,0.008307256686411746
2016-09-16,,,205.399994,3107800.0,6.271,,,2016-09-16,-0.004555597645741982
2016-09-15,,,200.419998,3077200.0,6.323,,,2016-09-15,-0.02424535611232781
2016-09-14,,,196.410004,2254500.0,6.294,,,2016-09-14,-0.02000795349773432
2016-09-13,,,196.050003,3589400.0,6.141,,,2016-09-13,-0.0018329056192065707
2016-09-12,,,198.300003,3715200.0,6.019,,,2016-09-12,0.011476663940678478
2016-09-09,,,194.470001,3757000.0,6.008,,,2016-09-09,-0.019314180242347323
2016-09-08,,,197.360001,3370000.0,6.076,,,2016-09-08,0.014860903919057478
2016-09-07,,,201.710007,3640900.0,5.959,,,2016-09-07,0.022040970703075535
2016-09-06,,,202.830002,4390600.0,6.048,,,2016-09-06,0.005552500922772818
2016-09-02,,,197.779999,5977400.0,6.181,,,2016-09-02,-0.02489771212446179
2016-09-01,,,200.770004,7943100.0,6.215,,,2016-09-01,0.015117833022134874
2016-08-31,,,212.009995,3276500.0,6.061,,,2016-08-31,0.05598441388684727
2016-08-30,,,211.339996,3168900.0,6.061,,,2016-08-30,-0.0031602236488896818
2016-08-29,,,215.199997,3257100.0,6.152,,,2016-08-29,0.018264413140236746
2016-08-26,,,219.990005,2239000.0,6.497,,,2016-08-26,0.022258401797282446
2016-08-25,,,220.960007,1762500.0,6.476,,,2016-08-25,0.004409300322530507
2016-08-24,,,222.619995,2570700.0,6.594,,,2016-08-24,0.007512617430357027
2016-08-23,,,224.839996,4784400.0,6.741,,,2016-08-23,0.0099721545676974
2016-08-22,,,222.929993,2065500.0,6.771,,,2016-08-22,-0.008494943221756812
2016-08-19,,,225.0,1659500.0,6.822,,,2016-08-19,0.0092854576100041
2016-08-18,,,223.509995,1714500.0,6.89,,,2016-08-18,-0.006622244444444481
2016-08-17,,,223.240005,1787100.0,6.831,,,2016-08-17,-0.0012079549283691149
2016-08-16,,,223.610001,2267100.0,6.895,,,2016-08-16,0.0016573911114183826
2016-08-15,,,225.589996,2034300.0,6.849,,,2016-08-15,0.008854679983655966
2016-08-12,,,225.610001,1813500.0,6.841,,,2016-08-12,8.867857775030075e-05
2016-08-11,,,224.910004,1875800.0,6.852,,,2016-08-11,-0.0031026860373979392
2016-08-10,,,225.649994,2338300.0,6.913,,,2016-08-10,0.003290160450132751
2016-08-09,,,229.080002,2207800.0,6.913,,,2016-08-09,0.015200567654347186
2016-08-08,,,226.160004,2263600.0,6.892,,,2016-08-08,-0.012746629886968619
2016-08-05,,,230.029999,3205200.0,6.915,,,2016-08-05,0.017111756860421767
2016-08-04,,,230.610001,4122800.0,7.049,,,2016-08-04,0.0025214189563163014
2016-08-03,,,225.789993,3887800.0,7.067,,,2016-08-03,-0.02090112301764402
2016-08-02,,,227.199997,3934400.0,6.919,,,2016-08-02,0.006244758597428124
2016-08-01,,,230.009995,4016300.0,6.962,,,2016-08-01,0.012367949106971254
2016-07-29,,,234.789993,3070800.0,7.048,,,2016-07-29,0.020781696899736968
2016-07-28,,,230.610001,2419100.0,7.195,,,2016-07-28,-0.017803109692157926
2016-07-27,,,228.490005,2885200.0,7.067,,,2016-07-27,-0.009192992458293303
2016-07-26,,,229.509995,3430000.0,7.002,,,2016-07-26,0.004464046468903637
2016-07-25,,,230.009995,4490700.0,7.033,,,2016-07-25,0.002178554358819973
2016-07-22,,,222.270004,2579700.0,7.048,,,2016-07-22,-0.033650672441430274
2016-07-21,,,220.5,4428700.0,6.811,,,2016-07-21,-0.007963305745925076
2016-07-20,,,228.360001,2568500.0,6.757,,,2016-07-20,0.03564626303854879
2016-07-19,,,225.259995,3115100.0,6.998,,,2016-07-19,-0.013575083142515876
2016-07-18,,,226.25,3412100.0,6.903,,,2016-07-18,0.004394943718257549
2016-07-15,,,220.399994,2234200.0,6.933,,,2016-07-15,-0.02585638011049729
2016-07-14,,,221.529999,2675800.0,6.754,,,2016-07-14,0.005127064567887363
2016-07-13,,,222.529999,3567100.0,6.788,,,2016-07-13,0.004514061321329255
2016-07-12,,,224.649994,4571300.0,6.819,,,2016-07-12,0.009526782948486856
2016-07-11,,,224.779999,5429800.0,6.884,,,2016-07-11,0.0005787002157677801
2016-07-08,,,216.779999,4074800.0,6.888,,,2016-07-08,-0.03559035517212539
2016-07-07,,,215.940002,3599700.0,6.643,,,2016-07-07,-0.0038748823870969895
2016-07-06,,,214.440002,4919900.0,6.617,,,2016-07-06,-0.006946373928439664
2016-07-05,,,213.979996,5175300.0,6.571,,,2016-07-05,-0.0021451501385454375
2016-07-01,,,216.5,5400000.0,6.557,,,2016-07-01,0.011776820483724082
2016-06-30,-238040.0,-553673.0,212.279999,4843100.0,6.634,,,2016-06-30,-0.019491921478060004
2016-06-29,,,210.190002,5994900.0,6.505,,,2016-06-29,-0.009845473006620864
2016-06-28,,,201.789993,6212400.0,6.557,,,2016-06-28,-0.039963884676113115
2016-06-27,,,198.550003,7205400.0,6.295,,,2016-06-27,-0.016056247149976444
2016-06-24,,,193.149994,7026500.0,6.194,,,2016-06-24,-0.02719722446944517
2016-06-23,,,196.399994,10130700.0,6.025,,,2016-06-23,0.016826301325176374
2016-06-22,,,196.660004,23742400.0,6.127,,,2016-06-22,0.0013238798775114802
2016-06-21,,,219.610001,4529000.0,6.135,,,2016-06-21,0.11669885351980369
2016-06-20,,,219.699997,3555500.0,6.851,,,2016-06-20,0.0004097991876061968
2016-06-17,,,215.470001,3112600.0,6.853,,,2016-06-17,-0.019253509593812113
2016-06-16,,,217.929993,2440300.0,6.721,,,2016-06-16,0.011416865403922394
2016-06-15,,,217.699997,2908500.0,6.798,,,2016-06-15,-0.0010553664359544968
2016-06-14,,,214.960007,3580200.0,6.791,,,2016-06-14,-0.012586081937336902
2016-06-13,,,217.869995,4193000.0,6.706,,,2016-06-13,0.013537346042233889
2016-06-10,,,218.789993,6026600.0,6.796,,,2016-06-10,0.004222692528174976
2016-06-09,,,229.360001,4492100.0,6.825,,,2016-06-09,0.04831120406864309
2016-06-08,,,235.520004,5972000.0,7.155,,,2016-06-08,0.026857355132292593
2016-06-07,,,232.339996,6213600.0,7.347,,,2016-06-07,-0.013502071781554381
2016-06-06,,,220.679993,2249500.0,7.248,,,2016-06-06,-0.05018508737514149
2016-06-03,,,218.990005,2229000.0,6.884,,,2016-06-03,-0.007658093409491862
2016-06-02,,,218.960007,2009400.0,6.831,,,2016-06-02,-0.00013698342077306247
2016-06-01,,,219.559998,2982700.0,6.83,,,2016-06-01,0.0027401853343931304
2016-05-31,,,223.229996,2789000.0,6.849,,,2016-05-31,0.016715239722310482
2016-05-27,,,223.039993,3650300.0,6.964,,,2016-05-27,-0.0008511535340438581
2016-05-26,,,225.119995,4064000.0,6.958,,,2016-05-26,0.00932569075179246
2016-05-25,,,219.580002,3126800.0,7.022,,,2016-05-25,-0.024609066822340653
2016-05-24,,,217.910004,3013800.0,6.85,,,2016-05-24,-0.007605419367834876
2016-05-23,,,216.220001,5093200.0,6.798,,,2016-05-23,-0.007755509012794093
2016-05-20,,,220.279999,9007100.0,6.745,,,2016-05-20,0.018777162062819652
2016-05-19,,,215.210007,6866300.0,6.872,,,2016-05-19,-0.023016125036390722
2016-05-18,,,211.169998,5617500.0,6.713,,,2016-05-18,-0.018772403088114786
2016-05-17,,,204.660004,2843600.0,6.587,,,2016-05-17,-0.030828214526951947
2016-05-16,,,208.289993,2949400.0,6.384,,,2016-05-16,0.017736680001237737
2016-05-13,,,207.610001,2822800.0,6.497,,,2016-05-13,-0.003264640754968906
2016-05-12,,,207.279999,3650500.0,6.476,,,2016-05-12,-0.0015895284350969652
2016-05-11,,,208.960007,5161900.0,6.466,,,2016-05-11,0.008105017406913273
2016-05-10,,,208.690002,4065200.0,6.518,,,2016-05-10,-0.00129213720786292
2016-05-09,,,208.919998,4776400.0,6.517,,,2016-05-09,0.0011020940044841332
2016-05-06,,,214.929993,5685200.0,6.705,,,2016-05-06,0.028766968492886846
2016-05-05,,,211.529999,11254800.0,6.599,,,2016-05-05,-0.015819076493432838
2016-05-04,,,222.559998,8262500.0,6.943,,,2016-05-04,0.05214389945702225
2016-05-03,,,232.320007,4302200.0,7.247,,,2016-05-03,0.04385338375137837
2016-05-02,,,241.800003,3843900.0,7.543,,,2016-05-02,0.04080576667682356
2016-04-29,,,240.759995,5413800.0,7.51,,,2016-04-29,-0.004301108300648004
2016-04-28,,,247.710007,2519000.0,7.727,,,2016-04-28,0.02886697185718079
2016-04-27,,,251.470001,3205800.0,7.844,,,2016-04-27,0.015179015355645253
2016-04-26,,,253.740005,3223800.0,7.915,,,2016-04-26,0.009026937570974836
2016-04-25,,,251.820007,3670300.0,7.855,,,2016-04-25,-0.007566792630905761
2016-04-22,,,253.75,3786300.0,7.916,,,2016-04-22,0.007664176579901261
2016-04-21,,,248.289993,2783100.0,7.745,,,2016-04-21,-0.0215172689655172
2016-04-20,,,249.970001,5194100.0,7.798,,,2016-04-20,0.0067663137756823755
2016-04-19,,,247.369995,6357500.0,7.717,,,2016-04-19,-0.010401272111048243
2016-04-18,,,253.880005,4261800.0,7.92,,,2016-04-18,0.026316894253888945
2016-04-15,,,254.509995,3752400.0,7.939,,,2016-04-15,0.002481447879284504
2016-04-14,,,251.860001,4120000.0,7.857,,,2016-04-14,-0.010412141181331602
2016-04-13,,,254.529999,4925600.0,7.94,,,2016-04-13,0.01060111962756638
2016-04-12,,,247.820007,5750800.0,7.731,,,2016-04-12,-0.026362283527923136
2016-04-11,,,249.919998,9161700.0,7.796,,,2016-04-11,0.008473855785178674
2016-04-08,,,250.070007,7363900.0,7.801,,,2016-04-08,0.000600228077786813
2016-04-07,,,257.200012,8856200.0,8.023,,,2016-04-07,0.0285120358316302
2016-04-06,,,265.420013,11679900.0,8.28,,,2016-04-06,0.03195956693812274
2016-04-05,,,255.470001,9948700.0,7.969,,,2016-04-05,-0.03748779863106999
2016-04-04,,,246.990005,13475300.0,7.705,,,2016-04-04,-0.03319370558893919
2016-04-01,,,237.589996,15997500.0,7.411,,,2016-04-01,-0.0380582566488874
2016-03-31,-248224.0,-249605.0,229.770004,8012900.0,7.168,,,2016-03-31,-0.032913810057894954
2016-03-30,,,226.889999,4033000.0,7.352,,,2016-03-30,-0.012534294946524027
2016-03-29,,,230.130005,4004900.0,7.457,,,2016-03-29,0.014280074107629659
2016-03-28,,,230.259995,3925700.0,7.38,,,2016-03-28,0.0005648546351006978
2016-03-24,,,227.75,4960900.0,7.212,,,2016-03-24,-0.01090069944629335
2016-03-23,,,222.580002,4948800.0,7.59,,,2016-03-23,-0.022700320526893525
2016-03-22,,,234.240005,4316000.0,7.722,,,2016-03-22,0.052385672096453506
2016-03-21,,,238.320007,5307800.0,7.541,,,2016-03-21,0.017418040953337544
2016-03-18,,,232.740005,4711800.0,7.335,,,2016-03-18,-0.02341390498532503
2016-03-17,,,226.380005,3782900.0,7.191,,,2016-03-17,-0.027326629987826867
2016-03-16,,,221.929993,3516700.0,7.075,,,2016-03-16,-0.019657266108815685
2016-03-15,,,218.339996,3180500.0,6.971,,,2016-03-15,-0.01617625878986073
2016-03-14,,,215.149994,4065700.0,6.723,,,2016-03-14,-0.014610250336360875
2016-03-11,,,207.5,3343100.0,6.648,,,2016-03-11,-0.03555656153074305
2016-03-10,,,205.179993,5183200.0,6.763,,,2016-03-10,-0.011180756626506083
2016-03-09,,,208.720001,3208600.0,6.565,,,2016-03-09,0.017253183160016894
2016-03-08,,,202.600006,4178700.0,6.652,,,2016-03-08,-0.029321555053077986
2016-03-07,,,205.289993,5329400.0,6.514,,,2016-03-07,0.013277329320513509
2016-03-04,,,201.039993,6489100.0,6.342,,,2016-03-04,-0.020702421671376814
2016-03-03,,,195.740005,4820500.0,6.103,,,2016-03-03,-0.026362854081476317
2016-03-02,,,188.339996,4862400.0,6.038,,,2016-03-02,-0.03780529687837697
2016-03-01,,,186.350006,6712200.0,6.219,,,2016-03-01,-0.010565944792735427
2016-02-29,,,191.929993,4499000.0,6.167,,,2016-02-29,0.029943583688427644
2016-02-26,,,190.339996,6065100.0,6.073,,,2016-02-26,-0.00828425497832419
2016-02-25,,,187.429993,5720500.0,5.8,,,2016-02-25,-0.015288447310884745
2016-02-24,,,179.0,5395600.0,5.742,,,2016-02-24,-0.044976755667914925
2016-02-23,,,177.210007,5984400.0,5.759,,,2016-02-23,-0.009999960893854798
2016-02-22,,,177.740005,5060100.0,5.398,,,2016-02-22,0.002990790469298954
2016-02-19,,,166.580002,2959400.0,5.404,,,2016-02-19,-0.06278835763507484
2016-02-18,,,166.770004,3887600.0,5.466,,,2016-02-18,0.001140605100965253
2016-02-17,,,168.679993,5825200.0,5.028,,,2016-02-17,0.011452832968691373
2016-02-16,,,155.169998,5593800.0,4.894,,,2016-02-16,-0.08009245648949015
2016-02-12,,,151.039993,7235800.0,4.894,,,2016-02-12,-0.02661600214752846
2016-02-11,,,150.470001,14252400.0,4.876,,,2016-02-11,-0.003773781954558353
2016-02-10,,,143.669998,10406500.0,4.655,,,2016-02-10,-0.045191752208468494
2016-02-09,,,148.25,8575100.0,4.804,,,2016-02-09,0.031878625069654554
2016-02-08,,,147.990005,9313000.0,4.795,,,2016-02-08,-0.0017537605396290568
2016-02-05,,,162.600006,9437600.0,5.269,,,2016-02-05,0.09872289010328772
2016-02-04,,,175.330002,4363900.0,5.681,,,2016-02-04,0.07829025541364376
2016-02-03,,,173.479996,7931400.0,5.621,,,2016-02-03,-0.01055156549875591
2016-02-02,,,182.779999,5773600.0,5.922,,,2016-02-02,0.05360850365710168
2016-02-01,,,196.940002,5297600.0,6.381,,,2016-02-01,0.07747019957035883
2016-01-29,,,191.199997,2852300.0,6.195,,,2016-01-29,-0.02914595786385743
2016-01-28,,,189.699997,4592800.0,6.147,,,2016-01-28,-0.007845188407612835
2016-01-27,,,188.070007,3617200.0,6.094,,,2016-01-27,-0.008592461917645622
2016-01-26,,,193.559998,4946800.0,6.272,,,2016-01-26,0.029191209632910775
2016-01-25,,,196.380005,2698700.0,6.363,,,2016-01-25,0.014569162167484606
2016-01-22,,,202.550003,3124100.0,6.563,,,2016-01-22,0.03141866708884122
2016-01-21,,,199.970001,3166200.0,6.479,,,2016-01-21,-0.01273760534084023
2016-01-20,,,198.699997,5838600.0,6.438,,,2016-01-20,-0.006350972614137307
2016-01-19,,,204.720001,4038700.0,6.633,,,2016-01-19,0.030296950633572406
2016-01-15,,,204.990005,5578600.0,6.642,,,2016-01-15,0.0013188940928150483
2016-01-14,,,206.179993,6490700.0,6.681,,,2016-01-14,0.0058051025463412564
2016-01-13,,,200.309998,4126400.0,6.49,,,2016-01-13,-0.028470245413190987
2016-01-12,,,209.970001,3091900.0,6.803,,,2016-01-12,0.04822526631945734
2016-01-11,,,207.850006,4089700.0,6.735,,,2016-01-11,-0.010096656617151645
2016-01-08,,,211.0,3628100.0,6.837,,,2016-01-08,0.01515513066667884
2016-01-07,,,215.649994,3554300.0,6.988,,,2016-01-07,0.022037886255924066
2016-01-06,,,219.039993,3779100.0,7.097,,,2016-01-06,0.015719912331646047
2016-01-05,,,223.429993,3186800.0,7.24,,,2016-01-05,0.02004200210141538
2016-01-04,,,223.410004,6827100.0,7.239,,,2016-01-04,-8.946426454037315e-05
